57a8a2317e7d1cdc77ca1bf53fb1e72f,A31Y2UA2LPDSWZ,VC3UlQgq,VC3UlQgq,Tuesday March 10 2015 15:55:19 UTC,headphoneyes,SONY,MDR-EX10LP,Mozilla/5.0 (Windows NT 6.1; WOW64) AppleWebKit/537.36 (KHTML; like Gecko) Chrome/40.0.2214.115 Safari/537.36,eng,,bldldrb,disorderno,No
d5fa3e75168a5b754681fc2370bc501d,A27BKFN6UB1LDP,cUm0XBVU,cUm0XBVU,Tuesday March 10 2015 15:59:02 UTC,headphoneyes,shaker series,n/a,Mozilla/5.0 (Windows NT 6.1; WOW64) AppleWebKit/537.36 (KHTML; like Gecko) Chrome/40.0.2214.115 Safari/537.36,eng,0,dlblbrd,disorderno,
9033d580082b5cc8c66b682fe236b953,A1JR4SLSKZQO9K,tWX0ph0e,tWX0ph0e,Tuesday March 10 2015 15:49:24 UTC,headphoneyes,Apple,Apple EarPods with Remote and Mic (no model # available),Mozilla/5.0 (Windows NT 6.1; WOW64; rv:35.0) Gecko/20100101 Firefox/35.0,eng,,drdlbrb,disorderno,
1fabcb0041e3b82f18bd6a6d8f49b2bc,A369K0V7XOX6UB,8ATCeQTX,8ATCeQTX,Tuesday March 10 2015 15:40:06 UTC,headphoneyes,Beats,Powerbeats by Dr. Dre Earphones in Blue%0ARB256,Mozilla/5.0 (X11; CrOS x86_64 6457.107.0) AppleWebKit/537.36 (KHTML; like Gecko) Chrome/40.0.2214.115 Safari/537.36,eng,,bldldrb,disorderno,they all started running together...I mostly heard BL and BR
92f950deab1e0e064e62dac3fb7a131d,A1T56P6L5730HG,kvHLx1bG,kvHLx1bG,Tuesday March 10 2015 16:41:11 UTC,headphoneyes,bose,print too small for me too read on the hear headphones,Mozilla/5.0 (Windows NT 6.3; WOW64; Trident/7.0; LCJB; rv:11.0) like Gecko,eng,,dlbldrb,disorderno,none
7d82d6d904cfd66aacf91369917e77bc,A29KW0AZRCM21G%0A,tyQHcv5t,tyQHcv5t,Tuesday March 10 2015 16:19:50 UTC,headphoneyes,skullcandy,no idea,Mozilla/5.0 (Windows NT 6.1; WOW64) AppleWebKit/537.36 (KHTML; like Gecko) Chrome/37.0.2062.103 Safari/537.36,eng,,bldlbrd,disorderno,
0d4fbca6550730da38fb4281739e8d43,A1N35VV9QURKHX%0A,uP8L6302,uP8L6302,Tuesday March 10 2015 16:50:26 UTC,headphoneyes,Sony,not sure.,Mozilla/5.0 (X11; CrOS x86_64 6457.107.0) AppleWebKit/537.36 (KHTML; like Gecko) Chrome/40.0.2214.115 Safari/537.36,eng,,blbrdld,disorderno,Thanks. It was fun.
2354a0df12f8cf42f8d21edb655da5be,A31A4YKVSOYRVS,guOTrOqR,guOTrOqR,Tuesday March 10 2015 17:04:14 UTC,headphoneyes,JVC,I do not know,Mozilla/5.0 (Windows NT 6.1; WOW64; rv:25.1) Gecko/20141110 Firefox/31.9 PaleMoon/25.1.0,eng,,brdlbld,disorderno,
429b3f83427fd384798db4e3f19ef7ee,A2DZ3OFTXRZVNY,xtfIhZsA,xtfIhZsA,Tuesday March 10 2015 15:50:32 UTC,headphoneyes,BOSE,QUIETCOMFORT,Mozilla/5.0 (Windows NT 6.3; WOW64) AppleWebKit/537.36 (KHTML; like Gecko) Chrome/40.0.2214.115 Safari/537.36,eng,,brdlbld,disorderno,VERY HARD THANK YOU THESE ARE CHALLENGING AND FUN
7092cf28d3a273e63d26f1f537d73be4,A3LMI7ZDFO8JHR%0A,1ld0RFcD,1ld0RFcD,Tuesday March 10 2015 15:32:47 UTC,headphoneyes,logitech,2565 head phones,Mozilla/5.0 (Windows NT 5.2) AppleWebKit/537.36 (KHTML; like Gecko) Chrome/41.0.2272.76 Safari/537.36,eng,,brdrbld,disorderno,no
7be002f82e371e5b170ffc77e9f5572e,ACULZNRBMTF25,aNLST2UW,aNLST2UW,Tuesday March 10 2015 16:51:45 UTC,headphoneyes,sony,mdr-v6,Mozilla/5.0 (Windows NT 6.1; WOW64) AppleWebKit/537.36 (KHTML; like Gecko) Chrome/40.0.2214.115 Safari/537.36,eng,1,brdrbld,disorderno,The letters B and D sound quite similar for some reason.
76846e9db3d268ed60ed7b92287ab0b3,AWA216WWFB6T8,KKT7yRzV,KKT7yRzV,Tuesday March 10 2015 15:56:27 UTC,headphoneyes,I am unsure%2C they came with my CD player that is Sony.,They are not marked with a model number.,Mozilla/5.0 (Windows NT 6.2; WOW64) AppleWebKit/537.36 (KHTML; like Gecko) Chrome/40.0.2214.115 Safari/537.36,eng,,drbldlb,disorderno,It was difficult to differentiate between sounds.
3213e6fbce6c58367c3dacd13f9b5db6,AY8Q6SAWGFLGU,BaJ3liem,BaJ3liem,Tuesday March 10 2015 17:51:01 UTC,headphoneyes,SONY,MDR-ZX110/W,Mozilla/5.0 (Windows NT 6.1) AppleWebKit/537.36 (KHTML; like Gecko) Chrome/40.0.2214.115 Safari/537.36,eng,,dlblbrd,disorderno,Thank you - very interesting.
e07e26b691b9d997e91ae9fefb6ae25f,A35RGUQZRI1Q3M,cGxVtXP9,cGxVtXP9,Tuesday March 10 2015 18:32:30 UTC,headphoneyes,JBL,Synchros%2C I think.,Mozilla/5.0 (Windows NT 6.3; WOW64) AppleWebKit/537.36 (KHTML; like Gecko) Chrome/40.0.2214.115 Safari/537.36,eng,Started speaking English at 2,drbldlb,disorderno,
b72676b428bfb997e1de0653e51aa283,A256FHXGSY0E5D,FACH2xGd,FACH2xGd,Tuesday March 10 2015 15:54:50 UTC,headphoneyes,Sennheiser,HD 280 Pro,Mozilla/5.0 (Windows NT 6.1; WOW64; rv:36.0) Gecko/20100101 Firefox/36.0,eng,,drbldlb,disorderno,The D L sounded more like a G L
43b50b78462aeebdcfc91772c86d9d55,A25SF3739J5EOQ,TyysGrrH,TyysGrrH,Tuesday March 10 2015 15:44:04 UTC,headphoneyes,Panasonic,RPHJE120K,Mozilla/5.0 (Windows NT 6.3; WOW64) AppleWebKit/537.36 (KHTML; like Gecko) Chrome/40.0.2214.111 Safari/537.36,eng,,bldrdlb,disorderyes,
46e12b6627af7d7961e1c75046e2dcff,AN25IBDC0DUO7,rvTTWdxr,rvTTWdxr,Tuesday March 10 2015 15:51:57 UTC,headphoneyes,Inland,I have no idea.,Mozilla/5.0 (Windows NT 6.1; WOW64) AppleWebKit/537.36 (KHTML; like Gecko) Chrome/40.0.2214.115 Safari/537.36,eng,,dlbldrb,disorderno,
373e5b4143b1795351286e311cc225df,A2GZDHFD4AUBPN,NR4h5XaE,NR4h5XaE,Tuesday March 10 2015 15:25:21 UTC,headphoneyes,apple ear buds,i do not know,Mozilla/5.0 (Macintosh; Intel Mac OS X 10_7_5) AppleWebKit/537.78.2 (KHTML; like Gecko) Version/6.1.6 Safari/537.78.2,eng,,brdlbld,disorderno,a few I couldn't click on time. I heard mostly B-sounds%2C now I'm wondering if my hearing is off.
29c6b603d42746f57b08e7311a4746f9,A3FUE8NT14U4RO,seVp83GL,seVp83GL,Tuesday March 10 2015 16:38:25 UTC,headphoneyes,Plantronics,.AUDIO 626 DSP,Mozilla/5.0 (Windows NT 6.1; WOW64) AppleWebKit/537.36 (KHTML; like Gecko) Chrome/40.0.2214.115 Safari/537.36,noteng,8,brdrbld,disorderno,None
ae572232217cc43352d832e73ff1a0da,A2A8HRBDYBV6XJ,druiZRwS,druiZRwS,Tuesday March 10 2015 17:28:18 UTC,headphoneyes,logitech,h540,Mozilla/5.0 (Windows NT 6.1; WOW64) AppleWebKit/537.36 (KHTML; like Gecko) Chrome/41.0.2272.76 Safari/537.36,eng,,dlbrdrb,disorderyes,Interesting. Thanks for the HIT.
b8b450b230f8925602e278b8bd4ad1ad,A2MFRGKYQYXMSD,HI288cSN,HI288cSN,Tuesday March 10 2015 15:52:52 UTC,headphoneyes,IMicro,No number on it. Has a built in Mic.,Mozilla/5.0 (Windows NT 6.3; WOW64) AppleWebKit/537.36 (KHTML; like Gecko) Chrome/40.0.2214.115 Safari/537.36,noteng,Portuguese %2C 5 years old.,blbrdld,disorderno,It was a little hard to distinguish.
3fcaaf83037af7b5487285b047eab795,A33B85TN97HQ33,ekXSzKXN,ekXSzKXN,Tuesday March 10 2015 15:40:30 UTC,headphoneyes,sony,stereo headphones mdr-zx100,Mozilla/5.0 (Windows NT 6.3; WOW64; rv:36.0) Gecko/20100101 Firefox/36.0,eng,,blbrdrd,disorderno,no%2Cnone
ebdc7508f37ccd9996e3757518a0d485,A1PIF4Q8VFHTET,drI8T2pV,drI8T2pV,Tuesday March 10 2015 16:55:07 UTC,headphoneyes,I do not know.,I do not know.,Mozilla/5.0 (Windows NT 6.1; WOW64) AppleWebKit/537.36 (KHTML; like Gecko) Chrome/40.0.2214.115 Safari/537.36,eng,,drbrdlb,disorderno,No.
ad3dcff5a1a848597987b841102ea025,A194KANUT0CSBV,Ft07iLQU,Ft07iLQU,Tuesday March 10 2015 16:36:02 UTC,headphoneyes,Beats by Dre,Studio,Mozilla/5.0 (Windows NT 6.1; WOW64) AppleWebKit/537.36 (KHTML; like Gecko) Chrome/40.0.2214.115 Safari/537.36,eng,,brdldrb,disorderno,
85ee448580ef0f1a1efd386cf013faf1,A1GHCVQ5XWM3JL,HPX4scqL,HPX4scqL,Tuesday March 10 2015 15:39:29 UTC,headphoneyes,unbranded,just a regular white and black pair of earbuds that work good.,Mozilla/5.0 (Windows NT 5.1) AppleWebKit/537.36 (KHTML; like Gecko) Chrome/41.0.2272.76 Safari/537.36,eng,,brdrbld,disorderno,The sound was clear in my earbuds%2C but It's hard to tell exactly what it's saying. I did the best I could.
f9c62e8fda42925357cd01e565ae2c29, AVUDBRVYJ59E9,eAfVQ3k8,eAfVQ3k8,Tuesday March 10 2015 15:58:07 UTC,headphoneyes,sony,mdr-v150,Mozilla/5.0 (Windows NT 6.1; WOW64; rv:36.0) Gecko/20100101 Firefox/36.0,eng,,bldldrb,disorderno,
a9df653ec24e42aa4b4b04c74a03377e,A1XBQXRLNCV6L,gEt4rdiL,gEt4rdiL,Tuesday March 10 2015 15:33:23 UTC,headphoneyes,JVC,I do not know the model number.  The only say JVC on them.  They are blue in color and I bought them in an airport for no more than $15.  They are earbuds and work just as well as the iPhone earbuds.,Mozilla/5.0 (Macintosh; Intel Mac OS X 10_10_1) AppleWebKit/600.2.5 (KHTML; like Gecko) Version/8.0.2 Safari/600.2.5,eng,,drblbrd,disorderno,I didn't realize how similar those sounds were until I heard them over and over.
68e9540529e6035dea1970a21069d6ed,AVI7K876BV3QL,2XARNqRu,2XARNqRu,Tuesday March 10 2015 15:37:21 UTC,headphoneyes,cyber acoustics,don't know,Mozilla/5.0 (Windows NT 6.3; Win64; x64) AppleWebKit/537.36 (KHTML; like Gecko) Chrome/40.0.2214.115 Safari/537.36,eng,,dlbrdrb,disorderno,no comments
5bf57fd82b10ae63018fce3769cb275f,A1U3Q2FXW1VET1,RKH2NukA,RKH2NukA,Tuesday March 10 2015 15:28:39 UTC,headphoneyes,apple,apple earbuds,Mozilla/5.0 (Macintosh; Intel Mac OS X 10_10_2) AppleWebKit/537.36 (KHTML; like Gecko) Chrome/41.0.2272.76 Safari/537.36,eng,,dldrblb,disorderno,fun and challenging
020d3255849d1cdd01be3b5b83318214,A1Z9Q0X7194BRQ,pB5RN9wa,pB5RN9wa,Tuesday March 10 2015 15:42:54 UTC,headphoneyes,Unknown,Unknown,Mozilla/5.0 (Windows NT 5.1) AppleWebKit/537.36 (KHTML; like Gecko) Chrome/40.0.2214.115 Safari/537.36,eng,,brdrbld,disorderno,
415b96065e2a760f0afccc40d4bc6c26,A3CWYWKQXX4RIZ,edp55zoi,edp55zoi,Tuesday March 10 2015 15:27:11 UTC,headphoneyes,Sennheiser,HD 201,Mozilla/5.0 (Windows NT 6.1; WOW64; rv:36.0) Gecko/20100101 Firefox/36.0,eng,,brdlbld,disorderno,
9e6947264d954a8b79d4893112dd6325,A2R40R4O6G0YBY%0A,yIpDy7gB,yIpDy7gB,Tuesday March 10 2015 15:33:44 UTC,headphoneyes,Sony,MDR-EX38iP,Mozilla/5.0 (Windows NT 5.1) AppleWebKit/537.36 (KHTML; like Gecko) Chrome/41.0.2272.76 Safari/537.36,eng,,drblbrd,disorderno,
7116ddf4d9402bb62b8c23daf3b637cd,A2T1K94BLNDBAH%0AA2T1K94BLNDBAH,UhbKA09B,UhbKA09B,Tuesday March 10 2015 15:54:23 UTC,headphoneyes,bose earbuds,no model listed on them,Mozilla/5.0 (Windows NT 5.1) AppleWebKit/537.36 (KHTML; like Gecko) Chrome/40.0.2214.115 Safari/537.36,eng,,brdrdlb,disorderno,
df3b78f0f4a818af0ecb2395f94b83d0,A77K8W55MJEKX,kOM8XwGi,kOM8XwGi,Tuesday March 10 2015 15:30:32 UTC,headphoneyes,Apple,Apple,Mozilla/5.0 (Windows NT 6.3; WOW64) AppleWebKit/537.36 (KHTML; like Gecko) Chrome/40.0.2214.115 Safari/537.36,eng,,dlbrbld,disorderno,
a8bf80be5ace02759e31c2beb61b44e1,A3KSOAD08L2DGK,p6nvRtFV,p6nvRtFV,Tuesday March 10 2015 15:45:16 UTC,headphoneyes,MEElectronics,HT-21,Mozilla/5.0 (Windows NT 6.3) AppleWebKit/537.36 (KHTML; like Gecko) Chrome/40.0.2214.115 Safari/537.36,eng,,brbldld,disorderno,no comments
704e135b2222b8d12287080ef3f5e22c,AWGQRK0FI844R,isQ1RPNp,isQ1RPNp,Tuesday March 10 2015 16:10:49 UTC,headphoneyes,Sennheiser,PC310,Mozilla/5.0 (Windows NT 6.1; WOW64; rv:36.0) Gecko/20100101 Firefox/36.0,eng,,blbrdrd,disorderno,
fbdd919f49196d77180c519ca33b850e,AGD5A08T0GIYO,yM2CCFys,yM2CCFys,Tuesday March 10 2015 15:58:07 UTC,headphoneyes,Panasonic,RPHJE120R%2C I actually took another of your experiments and used the wrong model number%2C this one is correct,Mozilla/5.0 (Macintosh; Intel Mac OS X 10_10_2) AppleWebKit/537.36 (KHTML; like Gecko) Chrome/41.0.2272.76 Safari/537.36,eng,I have 2 native languages%2C English and AAVE,brdrdlb,disorderno,
6ac4ad734ca8dae22f339f8e4adb39a4,AJY6J33X1KJNP,lTecz2vv,lTecz2vv,Tuesday March 10 2015 15:21:34 UTC,headphoneyes,Philips,SBC HS430,Mozilla/5.0 (Windows NT 6.1; WOW64) AppleWebKit/537.36 (KHTML; like Gecko) Chrome/40.0.2214.115 Safari/537.36 OPR/27.0.1689.76,eng,,drdlblb,disorderno,
29b334fc1aa1d7f98133580767569132,A3QJPB0NZU5PY1,gTDmFBx4,gTDmFBx4,Tuesday March 10 2015 15:42:04 UTC,headphoneyes,Bose,Sound True 715593-0010,Mozilla/5.0 (Windows NT 6.1; WOW64) AppleWebKit/537.36 (KHTML; like Gecko) Chrome/40.0.2214.115 Safari/537.36,eng,0,dlbldrb,disorderno,Interesting study.
1c689113635b60cbf13bc295f374cfbe,A18ALUNZHE7WGM,7y83aQN2,7y83aQN2,Tuesday March 10 2015 15:49:58 UTC,headphoneno,n/a,n/a,Mozilla/5.0 (Windows NT 6.1; WOW64) AppleWebKit/537.36 (KHTML; like Gecko) Chrome/40.0.2214.115 Safari/537.36,eng,,bldrbrd,disorderyes,
b2daaedbb2cfc0f727e405d8d9f30945,A251C41CYHY65Q,SdEULqR2,SdEULqR2,Tuesday March 10 2015 15:41:40 UTC,headphoneyes,Bose,IE2 627476-0020,Mozilla/5.0 (Windows NT 6.1; WOW64) AppleWebKit/537.36 (KHTML; like Gecko) Chrome/40.0.2214.115 Safari/537.36,eng,,blbrdrd,disorderno,N/A
ae9a0eaa2540952e534e303141933294,ADMTRXEG43HU0,TrZSXZzV,TrZSXZzV,Tuesday March 10 2015 15:29:26 UTC,headphoneyes,PLANTRONICS,DA60,Mozilla/5.0 (Windows NT 6.3; WOW64) AppleWebKit/537.36 (KHTML; like Gecko) Chrome/40.0.2214.115 Safari/537.36,eng,,bldlbrd,disorderno,
af500cae418fbe21518b9c431b900812,A217W59SA6LZSR,wxvCUvhi,wxvCUvhi,Tuesday March 10 2015 15:44:43 UTC,headphoneyes,Steel,Not sure,Mozilla/5.0 (Windows NT 6.1; WOW64) AppleWebKit/537.36 (KHTML; like Gecko) Chrome/41.0.2272.76 Safari/537.36,eng,,brbldld,disorderno,No
67b66e234415bde3d874a8e9def8c6c2, A34YD9P7KI4RF,v4TxyhR7,v4TxyhR7,Tuesday March 10 2015 15:26:27 UTC,headphoneyes,Sony,HI Res%0AMDR-10R,Mozilla/5.0 (Windows NT 6.3; WOW64; Trident/7.0; MDDCJS; rv:11.0) like Gecko,eng,,blbrdld,disorderno,It was fun.
bf215827e8d093e97d95aa6d9404c268,A2ISXWKXW3TDMR,ENaOTp2E,ENaOTp2E,Tuesday March 10 2015 15:27:49 UTC,headphoneyes,Sony,Stereo Headphones MDREX15LP/BC(UC),Mozilla/5.0 (Windows NT 6.3; WOW64) AppleWebKit/537.36 (KHTML; like Gecko) Chrome/40.0.2214.115 Safari/537.36,eng,,brdldrb,disorderno,
30c908fda1c281389ca42a2c9fe7ede9,A3G5IPGLH1IIZN,L2i4swfM,L2i4swfM,Tuesday March 10 2015 16:23:18 UTC,headphoneyes,Grado Labs,Prestige Series SR 80,Mozilla/5.0 (Windows NT 6.1; WOW64; rv:36.0) Gecko/20100101 Firefox/36.0,eng,,bldrbrd,disorderno,I apologize for the blanks - sometimes the box choices would take longer to appear and%2C as soon as I got the cursor to the box%2C it was gone.  I am on a desktop PC.%0A  I think I did better while staring at the floor than while looking at the letter of the sounds.
4dafb6968320e9dace76cb26e307606f,ATMCTLIZELDOF,lk0DABLI,lk0DABLI,Tuesday March 10 2015 15:36:01 UTC,headphoneyes,panasonic,RPHJE120S In Ear Headphones,Mozilla/5.0 (Windows NT 6.1; WOW64; rv:36.0) Gecko/20100101 Firefox/36.0,eng,,bldldrb,disorderno,Whew!
32957d597d93e195a3df34e3a4c19856,A11MBZUB0YC9V1,5qAQPm61,5qAQPm61,Tuesday March 10 2015 15:59:13 UTC,headphoneyes,Sony,MDR-M33,Mozilla/5.0 (Windows NT 5.1) AppleWebKit/537.36 (KHTML; like Gecko) Chrome/40.0.2214.115 Safari/537.36,eng,,dlbldrb,disorderno,I barely heard any "DR" sounds%2C which doesn't make sense--I guess I was hearing the "DR" sounds as "BR" sounds. And the "D" didn't sound like "D%2C" it sounded like "G."  And I think I have good hearing!
6becf0efb6c0a325825c346cc539557f,A3JI3B5GTVA95F,48sJHiep,48sJHiep,Tuesday March 10 2015 18:37:43 UTC,headphoneyes,I do not know.,I do not know.,Mozilla/5.0 (Windows NT 6.1; WOW64) AppleWebKit/537.36 (KHTML; like Gecko) Dragon/36.1.1.21 Chrome/36.0.1985.97 Safari/537.36,noteng,Armenian. I began speaking English when I was around 2-3.,brbldld,disorderno,
2668a76f09206572b23969bd4d0f3a11,A1S3YSD75PXWRJ,z7mnP16q,z7mnP16q,Tuesday March 10 2015 16:57:45 UTC,headphoneyes,apple,apple,Mozilla/5.0 (Windows NT 6.1; WOW64) AppleWebKit/537.36 (KHTML; like Gecko) Chrome/34.0.1847.131 Safari/537.36,eng,,bldrdlb,disorderyes,No%2C thank you.
6085e5d3288557d5620272231fa233be,A35DRH3JKQLDLZ,iXTrS6hg,iXTrS6hg,Tuesday March 10 2015 15:29:23 UTC,headphoneyes,sony,?,Mozilla/5.0 (Windows NT 6.1; WOW64) AppleWebKit/537.36 (KHTML; like Gecko) Chrome/40.0.2214.115 Safari/537.36,eng,,bldlbrd,disorderno,no
8d2b6791f2b7125545308f92e91bb2e0,ACIHCWKHNFC7U,QeJ0ltOf,QeJ0ltOf,Tuesday March 10 2015 16:28:45 UTC,headphoneyes,Plantronics,Audio 995,Mozilla/5.0 (Windows NT 6.1; rv:36.0) Gecko/20100101 Firefox/36.0,eng,,dlbrbld,disorderno,
553f083debf1d02a0058f50e48131c7b,A1FDZA8XJYG71W,azBifIBb,azBifIBb,Tuesday March 10 2015 15:39:21 UTC,headphoneyes,sentry,HO865,Mozilla/5.0 (Windows NT 6.3; WOW64; rv:36.0) Gecko/20100101 Firefox/36.0,eng,,drbrdlb,disorderno,sound stared to blur after a while%2C especially the dl and bl sounds
22c4bf008660510d9005105f18224091,A3NM5SP9NZ9BOJ%0A%0A,Ui2KzRcL,Ui2KzRcL,Tuesday March 10 2015 16:43:47 UTC,headphoneyes,Skullcandy,S2IKDY-010,Mozilla/5.0 (Windows NT 6.0) AppleWebKit/537.36 (KHTML; like Gecko) Chrome/41.0.2272.76 Safari/537.36,eng,,drbrdlb,disorderno,Thank you.
8fcb744d909ffa3f43b5c5cbdf2e8bed,A9I6LVY4CKEN0,C0C77yom,C0C77yom,Tuesday March 10 2015 15:46:44 UTC,headphoneyes,jvc,HAFX5B In ear eat buds,Mozilla/5.0 (Windows NT 6.3; WOW64; Trident/7.0; rv:11.0) like Gecko,eng,from birth,dldrbrb,disorderno,no comments.
9b9fda5ff1fe5e4513f42caeed047082,A2I8M1YM2H6Q23,k9VUO1b0,k9VUO1b0,Tuesday March 10 2015 15:47:18 UTC,headphoneyes,Apple earbuds,Not sure,Mozilla/5.0 (compatible; MSIE 10.0; Windows NT 6.1; WOW64; Trident/6.0),eng,,brbldrd,disorderno,Much more challenging than the EE OO exercise. Tried my best but hard to tell difference often.
70772b42b5a2e271fa0ecbb1cda86090,A4UGVJTZTL45V,N0DTvgHJ,N0DTvgHJ,Tuesday March 10 2015 17:40:31 UTC,headphoneno,apple headphones,iphone 5 headphones,Mozilla/5.0 (Macintosh; Intel Mac OS X 10_8_5) AppleWebKit/537.36 (KHTML; like Gecko) Chrome/41.0.2272.76 Safari/537.36,eng,,dlbrbld,disorderno,no%2C well designed experiment! thank you for this cool opportunity. I'm sure linguistics will benefit from it!
bcd53018447beff25a88b43c123c8bb3,A3HZ31VAGTVQMQ,o9VN3Naz,o9VN3Naz,Tuesday March 10 2015 19:39:41 UTC,headphoneyes,Earbud,iFrogz,Mozilla/5.0 (Windows NT 6.3; WOW64) AppleWebKit/537.36 (KHTML; like Gecko) Chrome/39.0.2171.95 Safari/537.36,eng,,dldrblb,disorderno,
bf7302c00a833f6c03ddfbbf93001e2b,A3V8LMWV8GMRFB,7QB9Mvpb,7QB9Mvpb,Tuesday March 10 2015 15:30:46 UTC,headphoneyes,califone,2800-RD,Mozilla/5.0 (Windows NT 6.1; WOW64; rv:36.0) Gecko/20100101 Firefox/36.0,eng,,bldldrb,disorderno,
20d645b3500b71cbb1d1803dd443129f,AKX5RHHO8BIUX,cDonU7ol,cDonU7ol,Tuesday March 10 2015 15:50:26 UTC,headphoneyes,Aiwa,HP-CN5,Mozilla/5.0 (Windows NT 6.1; WOW64) AppleWebKit/537.36 (KHTML; like Gecko) Chrome/38.0.2125.111 Safari/537.36,eng,Began speaking English at approximately 2 years old.,dlbrbld,disorderno,Very difficult to differentiate between the various sounds.
8fc49d460dca064a17cf4e518ebef5c5,A2P8D05NW0B873,AXd9GT7M,AXd9GT7M,Tuesday March 10 2015 15:52:33 UTC,headphoneyes,skull candy,inkd 2.0,Mozilla/5.0 (Windows NT 6.2; WOW64) AppleWebKit/537.36 (KHTML; like Gecko) Chrome/39.0.2171.99 Safari/537.36,eng,,drdlbrb,disorderno,
2387636f79b56e37e942daa4b96da6f9,AU0NZI2T3R792,Ob5V2eKn,Ob5V2eKn,Tuesday March 10 2015 15:33:10 UTC,headphoneyes,Skullcandy,Ink'd 2.0,Mozilla/5.0 (Windows NT 6.0) AppleWebKit/537.36 (KHTML; like Gecko) Chrome/40.0.2214.115 Safari/537.36,eng,,drbrdlb,disorderno,None
c287f23d5e313e4255e01eda716d4ec6,AAHZCL4LIPCBQ,FbJLqwHi,FbJLqwHi,Tuesday March 10 2015 18:58:36 UTC,headphoneyes,Panasonic,RP-HJE120-K,Mozilla/5.0 (Windows NT 6.3; WOW64; rv:36.0) Gecko/20100101 Firefox/36.0,eng,English,bldrbrd,disorderno,no
18f09a154ab535b28d43760f5358c852,A2C7VUFGB8WGCG,UAP4Og41,UAP4Og41,Tuesday March 10 2015 19:07:58 UTC,headphoneyes,sony,MDR-V8,Mozilla/5.0 (Windows NT 6.1; WOW64; rv:36.0) Gecko/20100101 Firefox/36.0,eng,,dldrbrb,disorderno,
c448a9d54aa44e0bda7eaff702929aae,A1QIJ8PQO27CJC,Meslvybt,Meslvybt,Tuesday March 10 2015 16:02:33 UTC,headphoneyes,logitech,unknown,Mozilla/5.0 (Windows NT 6.1; WOW64) AppleWebKit/537.36 (KHTML; like Gecko) Chrome/41.0.2272.76 Safari/537.36,eng,,drblbrd,disorderno,Seeing the letters on the screen influenced my reaction/processing of the sounds%2C I'm quite convinced...
41ddabcf7900a1573445fae4693eb49d,A382OV019QLW6H,a1uXv9rW,a1uXv9rW,Tuesday March 10 2015 15:47:40 UTC,headphoneyes,amazon,Premium earbuds that cam with firephone,Mozilla/5.0 (Windows NT 6.3; WOW64) AppleWebKit/537.36 (KHTML; like Gecko) Chrome/40.0.2214.115 Safari/537.36,eng,,bldrbrd,disorderno,
0d3d8a9c774114d22ffb264756296b4f,AT0XOIMR637KW,ndb5socL,ndb5socL,Tuesday March 10 2015 18:29:13 UTC,headphoneyes,Sennheiser,Doesn't say on them,Mozilla/5.0 (Windows NT 6.1; WOW64) AppleWebKit/537.36 (KHTML; like Gecko) Chrome/41.0.2272.76 Safari/537.36,eng,,dldrblb,disorderno,
fbb89c8a92ed28f6c0bab189070df49d,A2JJYTFNOY5GJ3%0A%0A%0A,BJdUVy1k,BJdUVy1k,Tuesday March 10 2015 15:59:00 UTC,headphoneyes,Koss,Not sure%2C but it is a standard headphone,Mozilla/5.0 (Windows NT 6.1; WOW64; rv:36.0) Gecko/20100101 Firefox/36.0,eng,,brdrdlb,disorderno,Challenging%2C but fun
514c35752ebf1c7da74345931f734160,A2W8NB63X2SA48,lxknkKVS,lxknkKVS,Tuesday March 10 2015 15:29:36 UTC,headphoneyes,Sony,MDR-ZX100,Mozilla/5.0 (Macintosh; Intel Mac OS X 10_10_2) AppleWebKit/537.36 (KHTML; like Gecko) Chrome/41.0.2272.76 Safari/537.36,eng,,brbldrd,disorderno,
30eeb69cb205644fe29fac7416a0e8e5,A24QSO0ZGQNMRF%0A,bNBSRVH8,bNBSRVH8,Tuesday March 10 2015 15:21:34 UTC,headphoneyes,Microsoft,no model name%2C but have padded earphones,Mozilla/5.0 (Windows NT 6.1; WOW64) AppleWebKit/537.36 (KHTML; like Gecko) Chrome/40.0.2214.115 Safari/537.36,eng,,brdldrb,disorderno,
aa7529937d6438d8fcde2658611b329a,A1H198MRIM37T1,28NPprmZ,28NPprmZ,Tuesday March 10 2015 15:50:16 UTC,headphoneyes,Sony,MDR-V900,Mozilla/5.0 (Macintosh; Intel Mac OS X 10_10_2) AppleWebKit/537.36 (KHTML; like Gecko) Chrome/41.0.2272.76 Safari/537.36,eng,,drbrbld,disorderno,DR was most difficult as it sounded more like "Dah". I did not hear the "R" pronounced at all such as in Draw. It should be Der-rah%2C not Dah.
50447ae14c12a9085cec3800c01e0c2e, A2XSJVDWB4M6C0,0411,0411,Tuesday March 10 2015 15:37:20 UTC,headphoneyes,sony,MDRZX310AP/H,Mozilla/5.0 (Windows NT 6.3; WOW64) AppleWebKit/537.36 (KHTML; like Gecko) Chrome/40.0.2214.115 Safari/537.36,eng,,bldlbrd,disorderno,no
992572dc6a291d2bb432066e79195b80,A2X2SPMPFLC6VT,12efqzmf,12efqzmf,Tuesday March 10 2015 16:05:33 UTC,headphoneyes,Logitech,Logitech USB Headset H530,Mozilla/5.0 (Windows NT 6.1; WOW64; rv:31.0) Gecko/20100101 Firefox/31.0,eng,,dlblbrd,disorderno,Those got very difficult to distinguish after a while.
cf271d08f90896bd5b7aa0f2a35ff015,A388IGNIWQJ27A,pLFvfuqd,pLFvfuqd,Tuesday March 10 2015 15:49:04 UTC,headphoneyes,apple,not sure.. it doesnt have one but came with my iphone,Mozilla/5.0 (Windows NT 6.1; WOW64) AppleWebKit/537.36 (KHTML; like Gecko) Chrome/40.0.2214.115 Safari/537.36,eng,,bldrbrd,disorderno,
a2f9d56cb695ff779b497d1cbed6a106,AZG94FBWYDAJS,8a2F5M0T,8a2F5M0T,Tuesday March 10 2015 15:43:56 UTC,headphoneyes,Samsung,Samsung Galaxy S4 3.5mm Hands-Free Stereo Headset & HS3303WE,Mozilla/5.0 (Windows NT 6.3; WOW64; Trident/7.0; rv:11.0) like Gecko,eng,,dldrblb,disorderno,The experiment was a bit more difficult than I thought it would be. Distinguishing the sounds is difficult.
261842365499f90de70f4cb0e49e8f45, A1OLX7Z6KVQYF4%0A,LvZL2Mz1,LvZL2Mz1,Tuesday March 10 2015 15:37:46 UTC,headphoneyes,panasonic,RP-HJE120-K,Mozilla/5.0 (Windows NT 6.3; WOW64) AppleWebKit/537.36 (KHTML; like Gecko) Chrome/40.0.2214.115 Safari/537.36,eng,,blbrdld,disorderno,
40a606f40afd43306a1a20c749e10547,A1GH8C4AAIHDQZ,dIaa9qfA,dIaa9qfA,Tuesday March 10 2015 15:42:22 UTC,headphoneyes,SONY,mdrzx110,Mozilla/5.0 (Windows NT 6.1; rv:36.0) Gecko/20100101 Firefox/36.0,eng,,brdrdlb,disorderno,
